TT_mean,TT_SD,TT1,TT2,TT3,nem,TM_mean,TM_SD,TM1,TM2,TM3,CS_K,CS_K_SD,K1,K2,K3,D_mean,D_SD,D1,D2,D3
92,0,92.3,92.3,92.3,2,180,0.6,180.5,179.5,179.3,119,0.4,118.3,118.5,119,89,1.1,87.9,90,89
72,0.1,71.7,71.6,71.6,1,174,0.2,173.6,174,173.9,92,1.5,91,92,94,76,2.5,78,76,73
48,1,49,47,48,2,165,0.3,165,165.5,165.5,87,0.6,87,86,87,80,1.2,81,79,81
75,0,75,75,75,1,185,0.1,185,184.9,185,80,1,81,80,79,87,0.5,87.5,86.7,87.5
92,0.2,91.9,92.3,92,1,176,0.7,176.6,176.7,175.5,97,0.8,97.5,96.5,96,96,1,94.5,96.5,96
50,0.3,50,50.5,50,2,166,0,166,166,166,88,0.6,88,89,88,65,0.6,65,64,65
75,0.9,75.5,76.3,74.5,1,181,1,181.6,180,181.7,88,0.6,87,88.1,87.8,83,0.6,82,82.9,83
49,1,50,48,49,2,161,0.7,161.1,160,161.2,70,0.9,71.1,70,69.3,67,1.1,67.8,65.7,66.4
91,0.6,90.9,90,91,1,181,0.3,181,180.5,180.5,98,0,98,98,98,99,1.5,100,97,99
56,1,56,57,55,1,180,1,179,181,180,81,0.3,81,80.5,80.5,77,1.5,75.5,78.5,77
70,0.2,69.5,69.9,69.5,2,169,0.6,169.3,168.8,168.1,98,2,96.3,98.2,100.2,82,0.9,82.1,81.9,80.5
60,0.3,60.5,60.5,60,1,175,0.3,174.5,175,175,83,0.3,83,82.5,83,81,0.3,80.5,81,81
67,1.5,69,66,67,1,173,1.3,174.5,172.1,172.3,97,0.9,98.5,97.1,96.7,89,1.8,91,89,87.5
90,0.2,90.3,90.4,90.1,1,185,0.7,185.5,185.7,184.4,90,0.4,90.1,89.6,90.4,94,0.3,94,93.7,94.3
88,0.4,88.4,88.6,87.8,1,176,0.2,176.3,176.1,176.5,100,1,101,100,99,99,1.2,100,98,98
87,0.2,87.6,87.2,87.3,1,172,0.5,172.9,172.3,171.9,97,0.6,97,96,97,83,2.1,82,81,85
104,0.4,104.8,104.1,104.3,1,175,0.4,174.6,175.4,175.3,111,4.4,116,108,109,101,0.6,101,100,101
75,0.9,75,75,73.5,1,186,0.6,185.5,186.6,186.3,83,0.1,83,83.1,83.2,89,0.7,88.7,88.9,90
70,0.8,70,70.5,69,1,177,0.4,177.2,177.1,177.8,89,1.7,90.5,88.3,87.1,83,0.5,82.2,82.6,83.2
83,0.8,83.5,82,82.4,1,182,0.3,182.2,181.7,181.8,98,0.2,97.5,97.4,97.7,95,0.2,95.2,94.8,95.1
57,0.6,57,56,57,2,168,0.2,167.5,167.6,167.9,77,0.8,76.5,78,77.5,90,0.8,90,90.5,89
63,0,62.8,62.8,62.8,1,172,0.2,171.9,171.5,171.5,91,0.1,91.2,91,91,72,0.6,73,72,72
63,0.1,63.6,63.4,63.4,1,176,0.4,176,176.2,175.4,97,0.6,97,96,97,78,0.8,77.5,78.4,79.1
88,0.3,87.8,87.2,87.6,1,180,0.2,180.3,180.2,180.5,102,3.1,103,99,105,88,1.5,89,86,88
72,0.2,72.5,72.3,72.1,1,177,0.1,177.2,177,177.1,96,0.1,96,96.1,95.9,85,0.3,85,84.8,85.3
75,0.1,75.2,75.1,75.1,1,182,0.2,182.1,181.7,181.9,93,0.5,93.5,92.6,93,80,1.3,80,78.5,81
54,0.2,53.9,53.5,53.5,2,163,0.4,162.5,163.2,162.5,83,1.5,82.5,82.6,85.1,68,1.5,67.4,70,67.5
57,0.1,56.9,57,56.9,2,164,0.2,164.5,164.1,164.1,93,0.6,93,94,93,71,0.6,72,71,71
61,0.1,60.6,60.7,60.8,2,170,0.1,170.5,170.5,170.4,89,3.2,85,91,90,70,1.2,71,69,69
60,0.5,59,59.5,60,2,177,0.5,177.5,176.6,177,91,2.1,93,90,89,69,1.5,69,68,71
52,0,52.1,52.1,52.1,2,172,1,171.2,173,171.5,80,1,79,81,80,64,1,64,63,65
56,0.3,55.5,56,56,2,169,0,169,169.05,169,86,0.3,86,86.5,86,67,0.8,67,68,66.5
66,1,67,65,66,2,173,0.8,172.6,172.7,174,96,1.5,96,94,97,81,2.1,80,83,79
77,0.2,77.5,77.1,77.4,1,181,0.2,181,180.9,181.2,80,0.8,80.3,80.2,78.9,93,1,92.3,94,93.9
56,0.4,55.7,55,55.8,1,172,0.3,172,172.5,172.3,81,2,79.3,83.2,80.9,68,0.2,68,67.9,68.2
60,0.5,60,59.2,60,1,182,0.1,181.7,181.62,181.8,90,0.7,90,89.3,90.7,70,0.9,71.2,69.4,70.3
129,1.1,129.2,130.4,128.2,1,201,0.5,200.3,200.3,201.1,126,3.2,129.4,125.7,123,116,2.8,119.1,113.7,115.3
52,0,52,52,52,2,168,0.9,169.2,167.5,168.7,86,0.6,86,85,86,68,0.6,68,68,69
59,0.6,59,58,59,1,162,0.2,162.2,162.5,162.2,91,0.6,92,91,91,71,1,71,70,72
66,0.4,66.8,66,66.5,2,176,0.6,176.5,176.4,175.4,96,1.2,97,95,97,75,2,77,73.1,76
102,0.1,102.3,102.1,102.1,1,195,0.2,194.5,194.9,194.7,112,2.1,114,110,111,90,4.3,87,95.3,89
64,0.5,63.7,64,63,2,163,0.5,163.5,163,162.5,97,3.1,94,98,100,74,1.2,75,73,75
64,0.6,63.5,64.5,64.5,2,166,0.3,166.6,166.3,166,91,0.3,91,91.5,91,76,0.2,76.4,76,76
79,0.2,79.3,79.2,78.9,2,174,0.3,174.4,174.2,174.8,94,0.2,94.3,93.9,94.2,82,1.6,83,80,82.5
72,0.3,72,72.5,72.4,1,188,0.3,188,187.5,188.1,96,1,96,97,95,77,1.7,76,79,76
57,0.3,57.6,57.5,57.1,2,169,0.2,169.1,168.7,168.8,82,0.3,82.5,82,82.3,67,0.2,67,67.4,67.2
67,0.3,67.5,67,67.5,2,175,0.5,174.7,175.3,174.4,99,0.6,99.4,100,98.9,74,0.4,73.2,74,73.5
65,0.6,65,65,66,2,165,0.6,165.2,164.1,164.6,101,1.2,100,102,102,72,0.6,72,73,72
70,0.6,70,70,71,1,173,0.2,173,172.6,172.9,90,0.2,90.3,90.2,90.5,82,0.3,82.3,81.8,82.2
55,0.6,54,55.1,54.5,2,160,0.3,160,160,160.5,99,0.6,98,99,99,71,1,72,70,71
89,0.2,88.5,88.4,88.7,1,187,0.8,186.5,187.7,187.9,102,0.6,102.1,102.3,101.2,94,1.2,92.2,94.3,94.1
62,0,62,62,62,2,158,0.3,158.5,158.1,158,95,0.5,95,94.8,94,81,0.3,81,80.5,80.8
65,1.1,65,64,66.1,2,165,0.5,165.2,165,166,98,1.5,98,96,99,71,1,70,71,72
63,0.1,63,62.9,63.1,1,174,0.3,173.5,173.2,173.8,90,2.6,88.5,92.5,87.5,75,0.3,75.5,75,75.3
58,0.5,58.7,57.8,58.5,2,168,0.8,167.9,168.1,169.3,92,1.8,90,93.5,92,66,1,65.5,65,67
69,0.7,69.8,68.5,69.6,1,179,0.6,179,178,179,94,1.5,92,95,94,73,1.5,72,75,73
79,1.4,79.2,77,79.6,1,180,0.3,180,180.5,180.2,95,1.5,95,93,96,85,0.6,84,85,85
92,0.5,91,91.5,92,1,179,0.6,178,179,179,108,1.2,109,107,109,100,0.6,100,99,100
75,0,75,75,75,1,173,0.6,174,173,173,91,1.2,90,92,90,91,0.6,92,91,91
52,0.1,52.4,52.4,52.6,1,164,0.8,164.7,163.4,163.4,90,0.6,90,89,90,67,0.6,67,66,67
51,0.4,51.3,50.5,51,2,162,0.2,162,162.3,162,63,5.8,66,56,66,87,0.5,87,86,86.5
62,0.7,61,62.3,61.2,1,170,0.5,170,169,169.5,88,3.2,89,90,84,76,3.4,78.5,72,77
65,0.6,64.5,65.7,65,1,190,0.2,189.8,190,190.2,97,0.2,96.7,97,97,72,0.2,72,72.3,72
56,1.5,55,56,58,2,166,1.7,165,168,165,98,1.5,98,96,99,68,1,69,68,67
57,1.4,55.5,58.1,56,2,158,0.3,157.5,158.1,157.8,92,7.2,87,88,100,73,2.5,70,74.5,74.1
60,0.3,60,60.5,60.2,1,174,0.2,173.4,173.8,173.7,88,1,87,89,87.6,75,2.1,77,74,73
46,0.5,45,45.9,45.7,2,163,0.3,163,163.5,163.2,88,0.8,88,88.5,87,65,2,63,67,65
68,0,68.2,68.2,68.2,1,168,0.1,168.2,168.4,168.2,98,0,97.8,97.8,97.8,83,0,82.5,82.5,82.5
85,0.2,85,84.8,84.6,1,183,0.2,183.3,183,183,110,1,110,111,109,82,0,82,82,82
76,0.6,76,76,77,1,181,0.6,181,181,180,94,0.6,95,94,94,82,0.6,82,81,82
51,1.1,50,52.1,51,2,168,0.6,168,168.2,169.1,91,1,92,91,90,65,0.6,66,65,65
56,0.8,55.5,56.6,55,2,162,0.5,162.3,163,162,102,0,102,102,102,70,0.6,70,71,70
67,0.8,67,67,68.3,1,178,0.8,178.8,178.8,177.5,91,0.6,90,91,91,79,0,79,79,79
80,0.9,80,80.7,79,1,183,0.5,183.5,182.5,183,107,1.9,105.2,109,107,84,1,83,85,84
61,0.1,61,60.8,61,2,163,0.7,163.3,162,163,83,0.2,83.3,83.3,83,74,0,73.5,73.5,73.5
58,1.3,58.3,58.3,56,2,164,0.1,164.5,164.3,164.5,95,0.2,95.3,94.9,95.2,68,0.2,68,68.2,67.9
80,0.1,80.3,80.4,80.2,1,193,0.5,194,193,193.2,93,1.2,92,94,92,78,0.6,79,78,78
77,0.1,77.2,77.3,77.35,1,178,0.5,177.9,178.2,178.8,95,2.1,97,93,94,87,2.6,90,86,85
70,1,69,69.5,71,1,166,0.3,166,166.4,166.5,93,0.3,93,92.5,92.8,81,0.3,81,81.5,81.3
73,0.2,72.6,72.7,72.3,1,178,0.6,177.9,178,177,87,1.2,86,86,88,69,0.6,69,69,70
62,0.2,61.6,62,61.8,2,160,0.2,159.7,160,160.1,83,2.6,86,82,81,86,0.6,87,86,86
50,0.3,50,50,50.5,2,163,0.3,163.5,163,163,97,0.3,97,96.5,97,73,0.5,73,72,72.5
90,0,90,90,90,1,183,0.6,183,183,184,104,0.6,104,103,104,100,1.2,101,99,101
60,0.8,61.3,59.8,60,1,171,0.3,171.1,170.5,170.6,89,1.3,88,90.5,89.5,84,4.7,80,82.2,89.1
74,0,74,74,74,1,171,0.2,171,170.6,170.9,104,0.6,104,103,104,89,0.3,89,88.5,88.8
68,0.1,68.1,68.2,68.1,1,176,0.4,175.5,176.1,176.3,90,4.4,88.6,94.3,85.6,83,1,82.3,84.2,83.7
51,0,51.3,51.3,51.3,1,175,0.4,175,174.4,175.2,77,0.6,78,76.9,77,79,1,79.9,78.5,77.9
49,0,49,49,49,2,160,0.6,159.4,160.1,159,77,0.6,78,77,77,67,0.6,68,67,67
52,0,51.6,51.6,51.6,2,171,0.4,170.2,171,170.5,77,1.5,75,78,77,67,0.6,66,67,67
63,0,63,63,63,2,171,0,170.7,170.7,170.7,97,0,97,97,97,75,0.6,75,75,74
57,0,56.9,56.9,56.9,2,177,0.1,176.8,176.8,177,77,0.4,77,77.3,76.6,64,0.3,64.5,64,64
62,0,62.3,62.3,62.3,2,172,0.5,172,172.5,171.5,90,1,90,91,89,70,1,69,70,71
50,0,50,50,50,2,168,0,167.7,167.7,167.7,92,0,92,92,92,62,0,62,62,62
74,0,74.2,74.2,74.2,1,170,0.4,170.3,170,170.8,84,0,84,84,84,84,0,84,84,84
93,0.2,93.6,93.3,93.3,1,180,0.5,180,180.8,180,101,0.6,101.5,102,100.9,93,0.7,93,94,92.7
65,0.5,64.5,65,64,2,165,0.2,165.2,165.5,165.3,75,0.8,75,74,75.5,88,0.6,88,89,88
59,0,59,59,59,2,180,1,180,181,179,67,0.6,68,67,67,90,1,91,90,89
59,0.1,59.4,59.6,59.4,2,172,0.5,172.5,171.5,172.3,72,0.6,72,71.2,72.3,89,0.5,88.5,88,89
79,0.6,79,80,79,2,161,0.4,160.5,160.5,161.2,105,0.6,105,104,105,89,0.6,89,88,89
61,0,61,61,61,2,168,0.2,167.3,167.7,167.7,100,0,100,100,100,77,0.6,78,77,77
54,0,54.2,54.2,54.2,2,163,0,162.5,162.5,162.5,96,0,95.5,95.5,95.5,67,0,67,67,67
68,0.1,67.6,67.8,67.6,1,180,0.8,179,179.1,180.5,79,0.3,79,79.2,78.7,86,1,86,87,85
86,0.1,86.2,86.3,86.3,1,191,0.6,190.6,191.8,191.3,91,1.8,92.6,91.4,89,87,0.9,87.7,86,86.8
68,0.3,68.1,68.6,68.5,2,172,0.4,172,171.3,172,91,0.3,90.6,90.3,90.9,76,0.7,76.3,75.4,74.9
57,0,57,57,57,2,170,0.6,170,169,170,89,1.5,90,89,87,75,0.6,75,75,74
59,0.6,59,59,60,2,165,0.6,165,165,164,94,0.6,94,94,93,74,0.6,74,74,73
63,0.1,62.5,62.6,62.6,2,168,0.3,168.6,168,168.1,91,0.8,92,90.5,91,70,0.3,70,69.5,70
51,0,50.8,50.8,50.8,2,165,0.1,165.4,165.3,165.4,81,0.5,80,81,80.5,64,0.8,64,63,64.5
85,0,84.9,84.9,84.9,2,175,0.6,175.5,175.5,174.5,106,1,107,105,106,83,1.5,83,84,81
59,0.1,58.6,58.7,58.6,2,162,0.5,162.5,162.4,161.6,86,0.2,85.4,85.6,85.7,68,0,68,68,68
63,0.2,62.8,62.6,62.9,1,175,1,173.5,175.3,175.2,75,0.5,75.3,75.1,76,80,1.2,81,81,79
47,0.1,47,46.8,46.9,2,163,0.8,163.5,162,163,83,1,82,83,84,67,2.1,65,66,69
92,0.1,92.1,92,92.2,1,170,0.4,169.6,169.5,170.2,111,2.3,110.3,110,114.1,106,4.7,110.4,101.2,107
54,0.1,54.5,54.3,54.5,2,172,0.8,173,172.5,171.5,88,0.3,88,87.5,88,68,0.5,67,67.5,68
71,0.1,70.8,70.8,70.9,1,182,0.3,181.6,181.6,182.1,76,1.6,74,77,76.5,77,0.9,77.4,76,77.6
59,0,58.6,58.6,58.6,2,167,0.8,168,167,166.5,87,2.1,88,89,85,68,0.3,68,68.5,68
107,0.2,106.6,107,107,1,184,0,183.5,183.5,183.5,111,0.8,111,110.5,112,111,1.9,113.4,111.3,109.6
78,0.1,77.5,77.7,77.5,1,169,0.2,168.5,168.8,168.9,95,4.8,100.2,91,93,87,0.9,86.5,86.5,88
65,0.6,66.1,65,65.2,2,180,0.3,180,179.5,179.4,89,3,92.7,88.2,87,70,1.2,69,70.8,71.3
55,0.2,55.1,55.5,55.3,2,171,0.3,170.9,171,170.5,98,0.6,98,99,98,73,0.4,72.5,72.5,73.2
61,0.3,60.5,61.1,61,2,175,0.3,174.9,174.3,174.5,98,0.5,98,97.4,98.3,73,0.2,73,73.4,73
57,0.3,57.5,57.4,57,2,169,0,169,169,169,83,1.7,82,85,82,60,0.6,59,60,60
58,0.6,58,58,59,1,180,0,179.5,179.5,179.5,66,0.6,67,66,66,88,3.6,92,85,87
70,0.5,70.9,70,70.2,1,171,0.6,170,171,171.2,81,0.6,81,82,81,97,1,97,98,96
59,0.3,58.5,59,58.5,2,179,0.1,178.7,178.6,178.6,100,0,100,100,100,69,0.6,69,69,68
56,0.1,55.5,55.5,55.7,2,168,0.3,168.1,168.2,168.6,69,0,69,69,69,86,0,86,86,86
61,0.3,61.5,61.2,61,2,164,0.1,164.4,164.4,164.2,99,0.5,100,99.2,99,72,1,71,73,72
51,0.2,50.7,50.5,50.9,2,164,0.3,164.2,164.8,164.3,81,1.2,80,82,82,64,0,64,64,64
49,0.2,49.1,49,48.8,2,170,0.5,170.4,169.4,170.1,87,0.6,87,87,88,63,1,64,63,62
58,1,57,58,59,1,171,0.6,171,170,171,77,2,77,75,79,93,2.1,95,91,92
75,0.2,74.5,74.9,74.7,1,188,0.6,188,188.5,187.4,91,0.6,90.5,91.5,90.3,77,0.1,76.9,77,77
59,0.6,59,58,59,2,178,0.6,178,179,178,90,1,91,90,89,67,2,69,65,67
60,0.3,60.4,59.9,60,2,167,0.1,166.9,167,166.8,95,0.6,94,95,95,73,0.3,73,73.5,73.2
66,0.6,66.1,65.1,66,1,187,0.1,187,187,187.1,78,0.4,78,78,78.7,93,0.8,92,93.1,93.6
72,0.2,72.4,72.3,72,1,186,0.2,185.7,185.4,185.5,98,3.3,94.5,100.1,100.2,80,1.3,80,81.1,78.5
71,1.2,72,70,72,2,169,0.6,169,170,169,103,1,104,102,103,69,1,69,68,70
58,0.4,57.3,57.9,58.1,2,176,0.2,175.5,175.5,175.8,93,1.3,92,94.3,94,66,2.9,69,64,64
65,0.6,65,66.2,65.2,2,166,0.9,167.2,165.6,165.9,71,1,72,71,70,91,0.6,91,92,91
69,0.3,69,69.5,69,1,180,0.3,180,179.5,179.8,98,1.6,97.5,100,97,81,2.6,78,83,81.5
61,0.9,60.5,62.3,61.5,2,175,0.2,175.2,174.9,175,72,2.5,69,74,71.6,96,1.8,94.5,98,96.2
89,0.1,89.3,89.5,89.3,1,187,0.4,187.5,187.1,186.7,92,0.6,92,93,92,92,0.6,93,92,92
74,0.2,74,74.3,74.1,2,166,0.1,165.6,165.8,165.8,75,0.5,75,74,74.5,97,1,98,96,96.5
64,0.3,63.2,63.8,63.8,2,165,0,165.2,165.2,165.2,89,4.2,94,86,88,69,0.6,70,69,69
59,0.5,58,58.5,59,2,178,0.9,178.5,178.5,177,95,2.4,92.4,97,96,67,1.8,68.5,66,65
64,0.4,64.7,64.6,64,2,167,0.3,166.5,167,166.5,94,2,96,93.5,92,72,1.2,71,71,73
74,0.2,73.6,73.4,73.8,1,182,0.1,182,182.1,182.1,78,0.3,77.5,78,78,83,1.5,84,81,83
65,0.1,65.5,65.3,65.3,1,183,0.5,183,182.5,182,92,8.5,95,82,98,72,1.2,71,73,73
84,0.1,84.5,84.4,84.5,1,189,0,189,189,189,101,5.1,102,105,95,79,11,66,85,85
71,0.2,70.9,71.1,70.7,2,175,0.2,174.7,174.5,174.8,87,2.6,90,85,86.3,73,1.8,75,71.5,72.8
64,0.2,64.2,63.8,64,1,176,0.5,175,176,175.5,78,2.6,80,75,79,70,0,70,70,70
76,0.4,76.1,76.8,76,1,182,0.1,182,181.8,182,85,1,84,86,85,93,3.5,97,91,91
106,0.1,106.1,105.9,106,1,175,0,175,175,175,102,0.6,102,101,102,107,0.6,107,107,106
109,0.6,109,109,110,1,183,0.6,183,183,184,107,0.6,108,107,107,108,1.5,110,107,108
68,0.7,68.5,67.3,68.4,1,173,0.8,173,172.5,174,93,4.9,96,95,87,77,1,76,78,77
89,0.2,88.7,89,88.9,1,182,0.1,182.5,182.5,182.4,97,3.1,100,94,96,86,1.5,85,88,86
77,0.2,77.3,77,77,1,188,0.2,188.3,188,188.3,84,1.6,83.5,83,86,95,1.5,97,94,95
70,0.2,70.2,70,70.3,2,165,1,166.4,165.3,164.5,72,1.2,71,73,71,91,1.6,92.5,90,89.5
79,0.1,78.9,78.8,79,1,185,0.8,186.3,185,185,78,0.4,78,78.8,78.1,90,0.1,89.5,89.7,89.5
71,0.2,70.9,71.2,71.1,1,180,0.2,180.4,180.5,180.1,82,2.6,85,81,80,75,3.4,71.5,76.5,78
54,0.2,53.4,53.5,53.7,2,167,0.6,167.1,166,166.6,64,1.5,62.2,65,64.6,82,1.5,83.4,82.3,80.5
61,0.1,61.5,61.4,61.4,1,162,0.3,162,161.5,162,81,2.3,80,80,84,85,7.2,93,79,83
63,1.8,61,64.1,64,1,171,0.3,171.7,171.1,171.4,71,0.7,71,71.4,70.1,79,3.1,81,79.5,75
64,0,63.5,63.5,63.5,1,174,0,173.5,173.5,173.5,89,0,89,89,89,69,1.2,68,70,70
76,0.2,75.8,76.2,76,1,190,0.6,190,190,191,83,0.6,83,84,83,76,0.6,76,77,76
68,0.1,67.6,67.4,67.5,1,183,0.2,183.6,183.3,183.4,84,1.5,84,86,83,80,0.4,79.3,80,80
55,0,54.8,54.8,54.8,2,168,0,167.5,167.5,167.5,82,1.9,79.5,83,82.5,66,0.3,65.5,66,66
78,0,78.4,78.4,78.4,2,178,0,178,178,178,92,0.6,92,93,92,82,0.3,82,82.5,82.5
58,0.5,58,57,57.5,2,165,0.3,165,165.5,165,86,0.3,86,86.5,86,67,0.6,67,67,68
72,0.1,71.8,71.6,71.8,1,180,0.4,179.9,179.2,179.4,77,0.5,76,77,76.5,85,0.8,85,86,84.5
82,0.3,82.2,82.4,82.8,1,196,0.6,195,195.5,196.1,100,0.4,100,99.2,99.6,93,0.3,93,92.5,92.8
81,0.3,80.7,81.2,81,1,193,0.3,193.6,193.5,193,91,1,90,92,91,97,1,97,98,96
82,0.5,82,82.4,81.4,1,184,0.6,184.4,184.5,183.5,100,0.6,100,99,100,93,0.1,93.5,93.4,93.5
109,0.6,109.2,108.5,108,1,196,0.3,196,195.8,196.4,107,0.5,107,106,106.5,101,0.8,102,101,100.5
85,0,85.4,85.4,85.4,1,189,0.3,188.9,188.9,188.3,95,3.5,92,99,95,82,1,83,82,81
72,0,71.7,71.7,71.7,1,186,0.6,185.4,186,186.5,73,0.6,73,74,73,84,1,83,84,85
110,0,109.8,109.8,109.8,1,195,0.2,195.1,195.4,195.2,103,1,104,102,103,97,0.3,96.5,97,97
76,0,75.5,75.5,75.5,1,179,0.3,179.2,179,179.6,89,0.9,89.5,88,89.5,84,1.3,85,84,82.5
70,0,70.4,70.4,70.4,1,174,0.2,173.7,173.5,173.4,87,1.7,86,89,86,79,0.4,79.7,79,79
83,0.1,82.8,83,83,1,183,0.2,182.8,183,183.1,92,1.5,92,91,94,85,0.8,86,84.5,85.5
87,0,87,87,87,1,185,0.3,185.5,185,185,97,0.6,97,96,97,87,0.3,87,87.5,87
65,0.2,64.6,64.6,64.3,2,177,0.1,177,177,177.1,88,0.9,88,87.5,89.3,70,0.5,70.5,69.5,70
55,0.1,54.8,54.9,54.9,2,170,0.2,170.2,169.9,169.9,82,1.8,80,83.5,82.5,68,1.5,68,66,69
58,0.1,58,57.9,57.8,2,169,0.1,168.7,168.8,168.8,88,0.2,88.3,88.4,88,70,0.6,70,69,70
58,0.6,57,58.1,58,2,165,0.5,166,165.4,165,88,2,90,88,86,71,0.8,71,71.5,70
65,0.6,66,65.4,64.9,2,170,0.2,169.3,169.6,169.7,91,1.5,91.2,93,90,76,0.4,76.2,75.9,75.5
60,0.1,60.5,60.4,60.3,2,175,0.2,174.6,174.9,174.5,91,0.6,92,91,91,68,0,68,68,68
76,0.2,76.2,76.1,76.4,1,177,0.1,177.4,177.3,177.5,98,0.6,98,99,98,89,0.6,88,89,89
57,0.6,57,57,58,2,163,0.5,162,163,162.5,87,0.6,87,88,87,70,1.5,71,70,68
113,0.2,113.3,113.5,113.1,1,185,0.2,185.2,184.9,185,118,0.3,118,117.5,118,111,0.3,111,111.5,111
86,0.3,85.7,86.3,86.2,1,184,0.1,184.4,184.4,184.5,104,0.6,104,105,104,94,0.6,95,94,94
54,0.6,54,55.1,54,2,165,0,164.5,164.5,164.5,89,0.6,88,89,89,66,0.6,65,66,66
84,0.2,83.8,83.5,83.9,1,158,0.3,158,158.5,158.3,104,0.6,104,103,104,104,0.6,104,105,104
62,0.6,61,62,62,2,165,0.3,165.2,164.8,164.7,97,0.6,97,98,97,72,1,73,71,72
117,1.1,118,117.7,116,1,171,0.5,170,171,170.5,123,0.5,123,122,122.5,121,0.5,121,120,120.5
67,0.3,67,66.5,66.6,1,175,0,175,175,175,85,0.6,85,84,85,81,1,82,81,80
58,0.1,57.9,58,58,1,183,0,183,183,183,90,0,90,90,90,70,0,70,70,70
57,0.6,58.1,57,57,2,165,0.8,165.5,164.5,166,90,1.5,91,88,90,69,1,68,70,69
80,0.5,79,80,79.8,1,191,0,191,191,191,92,0,92,92,92,79,0,79,79,79
65,1.3,65,64,66.5,2,179,0.5,178,179,178.5,85,0.6,85,86,85,75,0.6,74,75,75
56,0.7,56.4,55.3,55.2,1,165,0.2,165,164.8,165.1,95,0.6,95,94,95,67,0.2,67,66.7,67
58,0.1,58.2,58,58.1,2,160,0.2,160.5,160.2,160.1,98,1.2,99,97,99,72,0,72,72,72
76,0.6,76,75,76,2,165,0.6,164,165,165,108,2,108,106,110,80,0.6,80,81,80
55,0.1,54.8,54.6,54.7,2,168,1,168,167,169,66,0.6,66,65,66,84,1.2,85,83,85
79,0.6,79.6,79,78.5,2,166,0.2,165.5,165.6,165.8,92,0.5,92,91,91.8,88,0.2,88,88.3,88.1
55,0.2,54.5,54.7,54.4,2,160,0.3,159.7,159.2,159.6,86,1,87,86,85,76,2.6,79,75,74
86,0.3,86,86,86.5,1,179,0.1,178.4,178.5,178.6,101,0.6,101,100,101,101,1.5,103,100,101
95,0.1,95,95,95.1,1,177,0.2,176.9,176.6,176.6,114,0.6,114,115,114,112,1.2,113,111,111
56,0.1,55.7,55.5,55.7,1,159,0.3,158.9,158.5,158.4,89,0,89,89,89,70,0.6,70,69,70
60,0.5,60,59,59.5,2,167,0.2,167.5,167.2,167.2,93,1,92,93,94,73,0.6,72,73,73
51,0,51,51,51,2,152,0.1,152,151.8,152,90,0.1,90,90.2,90.2,70,2.1,72,69,68
55,0.6,55.2,55,54,2,159,0.3,159,159.5,159.6,68,0.8,67,68,68.5,92,2.5,95,91,90.5
71,0.1,71.2,71.2,71.1,1,187,0.1,187.1,187,187,81,0,81,81,81,70,0.6,70,70,71
63,0,62.5,62.5,62.5,2,172,0.9,172.3,171.1,172.8,88,1.1,89,88.9,87,76,1.3,77,76.5,74.5
50,0,50.1,50.1,50.1,2,166,0.4,166.3,165.5,165.6,80,0,80,80,80,67,0,67,67,67
58,0,58,58,58,2,171,0.1,171.4,171.3,171.3,88,0.5,88,87,87.5,69,0.6,68,69,69
72,0.5,71,72,71.5,2,170,1.8,171,168,171.3,96,0.5,95,96,95.6,79,0.5,80,79,79.3
54,0.6,53,54,54,2,166,0.2,165.9,166.2,166,90,0.6,90,91,90,68,0.1,68,68,68.1
67,0.1,67,67.1,67,2,170,0.1,170.3,170.5,170.3,103,0.5,103,102,102.7,82,0.2,81.7,82,81.8
66,0.5,66.8,66,65.9,1,176,0.3,176,175.5,176,61,0.8,60,61,61.5,81,0.3,81,81,81.5
74,0.3,74.5,74,74.5,2,181,0.4,181,180.2,180.5,84,0.5,84,83,83.7,98,0.5,98,97.2,98.2
47,0.6,47,47,48,2,160,0.4,160,160.7,160.7,86,0,86,86,86,68,1,69,67.1,67.5
75,0.4,75.5,74.9,74.7,1,184,0.6,184.5,184.9,183.7,97,1.5,97,99,96.1,85,0.6,86,85,84.8
92,0.7,93.2,92,92,1,170,0.1,169.9,170.1,170.1,104,0.2,104,103.8,103.7,107,0.1,107.1,106.9,107
69,0.1,69,69.2,69.2,1,178,0.3,178.4,178.1,178.6,82,0.6,82,83,82,78,0.6,78,77,78
75,0.4,74,74.7,74.8,1,179,0.2,178.9,178.8,178.5,85,2.1,83,87,84,97,0.6,97,98,97
70,0.1,70.5,70.4,70.5,1,182,0,181.5,181.5,181.5,85,0.5,85,84.5,84,89,0.6,89,90,89
64,0.1,64,63.8,63.8,1,180,0.6,179.9,179.6,180.7,94,1.7,96,93,93,79,0.6,80,79,79
50,0.1,49.7,49.8,49.7,1,176,0.1,175.6,175.4,175.5,74,0.6,75,74,74,71,0.5,70,71,70.5
53,0.5,53.4,52.5,53,2,164,0.5,163.6,164.2,164.5,91,1.5,91,89,92,72,1,72,71,73
57,0.7,57,57.4,56,2,166,0.1,166.2,166.1,166.2,83,0.6,83,83,82,72,1,72,71,73
56,1.6,54.9,56,58.1,2,161,0.5,161.2,160.8,160.2,84,0.2,84.4,84.2,84,73,0.3,72.5,72.5,73
70,0.6,70.2,69,69.8,2,170,0.3,170.6,170,170.4,93,1.2,93.4,92,94.4,77,1.4,76,78.8,77
56,0.6,56,57.1,56,2,172,0.2,172.4,172,172.3,88,0,88,88,88,72,4,77,70,70
58,0.7,58.4,57.1,58.1,2,167,0.6,167.6,166.5,166.5,80,0.7,79.6,80,81,90,0.4,89.5,90,90.2
70,0.6,69,70,70,1,175,0.6,175,176,175,96,0.6,96,96,95,81,0.6,81,82,81
63,0.4,62.5,63.2,62.8,2,168,0.5,167.5,168,167,75,0.6,74,75,75,102,0.6,102,101,102
46,0.3,46.3,46,45.7,2,161,1.3,162,159.5,160.2,62,0,62,62,62,91,0.6,91,90,91
84.2,0.1,84.2,84.3,84.2,1,179,0.1,178.6,178.4,178.6,100,0.6,101,100,100,96,0.6,96,95,96
58,0.6,58,57,58,2,160,0,160,160,160,80,0,80,80,80,70,0,70,70,70
83,0.3,83.2,83,82.7,1,189,0.2,189,189.3,189.2,97,0.6,98,97,97,88,0.8,88,88.5,87
58,0,58.4,58.4,58.4,1,168,0.5,167,168,167.5,86,0.3,86,86,86.5,80,0.3,80,79.5,80
62,0.6,62,63,62,2,168,0.2,168,168.3,168.2,99,1.2,100,98,98,75,0.6,74,75,75
55,0.2,55.1,54.9,55.3,2,164,0.2,164.4,164.2,164.6,88,1,88,89,87,72,1,72,71,73
53,0.4,52.8,52,52.7,2,174,0.5,174,173,173.5,91,0.6,92,91,91,66,0.6,67,66,66
48,0.6,48,47,48,2,160,0.6,159,160,160,86,0,86,86,86,63,0,63,63,63
62,0.6,63,62,62,2,160,0.1,159.8,159.9,159.8,104,1,105,104,103,69,0.6,68,69,69
65,0.1,65,65.1,64.9,2,169,1,169,170,168,97,1,96,98,97,77,0.6,76,77,77
64,0.6,65,64,64,1,174,0.6,174,174,173,93,0.6,93,93,92,77,0.6,77,78,77
52,0,52,52,52,2,165,0.6,165,164,165,92,0.6,93,92,92,63,1.5,65,63,62
69,0.1,68.9,69,69.1,1,185,0.2,184.8,185,185.2,80,0.1,80,79.9,80.1,94,0.1,94,94.1,93.9
61,0.2,61.5,61.3,61.6,2,177,0.5,177.1,177.5,176.5,72,1.5,72.3,72.5,69.8,93,5,90.1,98.8,90.1
87,0.5,86.1,87,87,1,187,0.3,186.8,186.5,187,105,1.7,107,104.2,104,86,3.2,90,85,84
54,0.2,53.5,53.9,53.5,2,160,0.6,160.5,159.5,159.5,90,0.6,90,90,89,70,1,70,71,69
71,0.1,71.3,71.4,71.2,2,178,0.1,177.5,177.6,177.5,97,0.3,97.4,97.2,96.8,77,0.5,76.8,76.2,77.2
54,0.2,54.2,54,53.9,2,173,0.2,173.4,173,173.4,80,0.7,80.5,81.1,79.8,67,1,67.2,65.5,67.1
60,0.2,60,59.9,59.7,2,170,0.6,169.6,170.3,169.2,91,1.5,93,90,91,67,0.6,67,66,67
63,0.1,63.2,63.3,63.2,2,174,0.6,174.2,173.2,173.2,97,2.1,99,96,95,77,1.7,75,78,78
93,0.1,92.8,92.7,92.7,1,184,0.1,184.1,184.2,184.2,96,0.6,97,96,96,90,0.6,90,91,90
71,0.1,70.9,71.1,70.9,1,177,0.6,178,176.9,177.1,80,0.3,80.2,80.7,80.5,83,0.3,83,83.4,82.9
65,0.3,65.3,65.1,65.6,2,170,0.2,169.5,169.7,169.4,90,0.6,90.3,89.2,89.4,74,0.3,74,73.5,73.8
58,0.2,58.3,57.9,58,2,168,0.2,167.8,167.6,168,82,1.2,80.8,82,83.1,71,0.6,71.2,70,70.4
61,0.1,61.4,61.3,61.3,2,167,0.3,167,167.2,167.6,87,0.7,86.6,85.9,87.2,70,0.5,70,71,70.3
46,0.5,46.3,45.5,46.3,2,160,0.3,159.7,159.4,160,82,0.6,82.2,81.2,81.1,66,1,65.2,66.2,67.2
65,0,64.5,64.5,64.5,1,177,0,176.9,176.9,176.9,82,1,83,82,81,78,0.6,77,78,78
69,0.1,69,69,69.1,2,170,0.6,169.4,170.4,169.5,77,0.6,77,76,77,105,0.6,105,104,105
67,0.5,66,66.5,67,1,185,0.8,185,184,185.5,84,0.3,84,84.5,84.25,70,0.5,69.5,69,70
55,0.4,55,54.5,54.3,2,162,0.4,161.2,161.9,161.7,89,2,89,91,87,75,1.2,76,74,76
64,0,64,64,64,2,169,0.1,169.4,169.2,169.3,89,0.4,88.5,89,88.2,72,0.2,71.8,71.6,71.9
58,0,57.5,57.5,57.5,2,168,0.3,167.4,167.9,168,88,0.2,88.5,88.6,88.3,68,0.8,68.9,69,67.5
62,0,62.1,62.1,62.1,2,175,0.3,175,175.1,175.5,72,0.9,70.5,72,72,86,1.5,86,87,84
62,0,62,62,62,2,171,0.1,171.2,171.1,171.3,87,1.6,86,86,88.8,71,0.6,72,71,71
70,0,69.7,69.7,69.7,1,181,0.3,180.3,180.9,180.4,90,0.4,89.5,90.1,90.3,80,0.8,79,80,80.5
71,0.3,71,71,71.5,2,170,0.6,170.3,170.4,169.4,87,0.8,87,86.5,88,94,0.5,94,93,93.7
76,0.6,76,76,77,1,178,0.4,178.1,178.2,178.8,85,0.3,85,85.5,85,84,0.6,84.5,84.5,83.5
63,0,63,63,63,1,178,0.4,178.6,177.8,178.5,84,0.2,84.1,84,84.3,79,0.3,78.5,78.8,78.2
66,0.6,66.2,65,65.5,2,162,0.5,162.9,162.5,162,95,2.6,97,92,96,71,0.6,70,71,71
89,0.3,89,89.5,89,1,184,0.6,183.9,184,184.9,108,1,108,107,109,96,0.6,96,95,96
81,0.3,81,81.6,81,1,185,0.1,185.1,185.1,185.2,96,0.6,97,95.9,95.9,83,0.1,83.2,83,83.1
62,0.5,62.2,62.2,61.3,1,177,0.1,176.7,176.6,176.6,82,0.3,82,82.5,82.5,77,1,76,78,77
80,1,79,80.7,80.7,1,181,0,180.9,180.9,180.9,87,0.3,87,86.5,86.7,86,0.1,86.3,86.2,86.2
85,0.7,84,85,85.4,2,172,0.5,173,172.4,172,109,1.5,111,108,109,84,4,88,80,84
51,0.5,51.9,51.5,51,2,162,0.1,162,161.9,162,68,0.5,67,67.5,68,90,0.5,90,90.3,91
95,0.5,95.7,95,94.8,1,175,0.1,174.4,174.6,174.5,104,0.5,104,103,103.5,110,0.3,110,109.5,109.7
56,0.3,56.6,56,56.3,2,159,0.1,159.1,159.2,159.2,95,1.7,97,95.3,93.6,69,0.8,68,69.5,69
62,0.2,61.6,61.8,61.5,2,169,0.2,168.7,168.3,168.5,93,0.1,93.5,93.5,93.4,74,0.1,74.1,74,74
62,0.6,62,61,62,1,179,0.6,179,178,179,88,1,87,88,89,89,0.6,89,88,89
54,0.2,54.3,54,53.9,2,159,0.2,159,159.1,159.3,89,1,90,88,89.5,68,0.5,68,67,67.5
65,0,65,65,65,2,168,0.3,168,167.5,168,78,0.6,79,78,78,90,0.6,90,91,90
79,0.2,79,79.3,79.4,1,183,0.2,183.2,183.5,183.6,88,0.3,88,88.5,88.3,97,1,98,96,97
76,0.4,76.7,76,76,2,169,0.1,168.4,168.6,168.6,109,0.6,109,108,109,90,1,90,89,91
76,0.9,75,76.5,76.6,1,176,0.6,176,175,176,101,1,102,101,100,91,1.2,92,90,90
74,0.2,74,73.7,73.7,1,184,0.2,183.8,183.6,183.5,84,0.6,84,83,84,83,0.6,84,83,83
54,0.3,54,54.1,54.5,2,164,0.4,164,163.2,163.5,90,0.2,90,90.4,90,67,0.3,67,67.5,67.1
68,0.1,67.5,67.5,67.7,1,169,0.1,169.2,169.2,169,88,1,88.6,87.9,86.7,87,1.3,88,85.4,86.2
78,0.5,77,77.8,77.9,1,181,0.1,180.8,180.8,181,94,0.6,93,94,94,92,1.5,90,92,93
85,0.4,85,85.7,85,2,165,1.3,166,163.8,163.8,119,0.5,119,118,118.5,85,0.8,84,85,85.5
64,0.7,64,62.8,64,2,177,0.4,176.4,177.2,177,90,0.5,90,90.5,89.5,74,2.1,75.6,74,71.5
59,0.2,59,59.3,59.3,1,158,0.7,157.6,158.3,159,91,1.2,92,92,90,84,1,85,83,84
91,0.5,90.8,90,90.8,1,181,1.3,182,179.6,179.9,102,0.1,102.2,102.3,102.1,91,0.1,91,91.1,91
74,0.2,74,73.7,73.7,1,175,0.4,175,174.3,175.1,95,0.3,95,95.2,95.5,94,0.3,94,93.5,94
67,0.3,67.5,67,67.4,1,172,0.2,172.2,172.4,172.5,81,1.2,82.5,81.1,80.1,83,0.7,82.6,83.5,84
54,0,54,54,54,2,162,0.1,162.5,162.4,162.5,87,0.5,87,86.7,86,68,0.4,68,68.7,68.6
54,0.1,53.9,54,54,1,168,0.2,168.4,168.2,168.5,77,2.1,79,78,75,75,1.5,74,77,75
69,0.2,69.3,68.9,69.1,1,175,0.2,174.3,174.6,174.7,90,0,90,90,90,80,0.6,80,81,80
68,0.3,68.5,68,67.9,1,171,0.1,171.4,171.2,171.3,86,0.5,85.3,85.2,86.1,82,1.6,83,80,82.5
57,0.5,57,57.9,57.1,1,169,0.5,168,168.5,169,68,0.6,68,68,69,90,0.3,90,90.5,90.3
52,0.6,53,52,52,1,171,0.3,171,171.6,171,89,2.1,90,91,87,65,1.5,65,67,64
80,0.6,79,80,80,1,179,0.3,179.4,179,179.6,62,0.6,62,61,62,84,1,85,84,83
90,0.1,90,89.9,89.9,1,181,1.6,183,180,180.5,97,0.3,97,97.5,97,89,0,89,89,89
69,0.6,69,70,69,1,179,1,179,180,178,99,1,100,98,99,80,1,81,79,80
59,0.3,59,59.6,59,2,172,0.7,172,170.8,172,71,0.8,70,71.5,71,68,1.2,67,69,67
71,0.3,70.5,71,70.4,1,181,0.1,180.6,180.5,180.4,84,0.2,84.5,84.3,84.6,83,0.2,82.5,82.4,82.7
53,0,53,53,53,2,161,0.6,161,160,161,94,0.3,93.5,94,93.5,68,0.8,69,68,67.5
75,0,75,75,75,1,181,0.3,181,181.5,181.6,93,1,92,94,93,80,0.6,80,80,79
74,0.5,73.6,74.5,74.5,1,177,0.6,177.5,176.5,176.5,101,0.5,101,102,101.3,84,0.3,84,84,83.5
50,0.6,50,50,51,2,171,0.6,171,171,172,88,0.6,89,88,88,64,1,65,63,64
62,0.2,62.2,62.2,61.8,1,171,0.6,171,171,172,94,1.5,92,95,94,83,0.6,83,83,82
75,0.8,76.3,74.9,75,1,185,0.6,184,185,185,88,1,89,88,87,83,0.6,83,84,83
67,0,67,67,67,1,178,0,178,178,178,88,0.6,88,89,88,81,0.6,82,81,81
59,0.6,59,60,59,2,179,0.3,179.5,179,179.3,93,0.6,93,94,93,62,0.6,63,62,62
51,0,51,51,51,2,163,0.4,163.2,162.5,163.2,81,1,82,80,81,66,1.5,66,67,64
57,0.3,56.5,57,57.1,2,172,1.2,171.5,173.5,171.3,88,1,89,88,87,75,0.6,74,75,75
57,0.3,57,56.5,57,2,163,0.3,162.5,163,163,88,1.2,87,89,89,69,1,68,70,69
101,0.3,101.6,101.1,101,1,173,0,173,173,173,111,0.1,111.5,111.3,111.4,120,0.3,120.5,120,120.3
103,0.5,102,102.5,103,1,183,0.2,183,183.2,183.4,103,3.5,107,101,101,99,3.1,96,102,100
66,0,66.1,66.1,66.1,1,182,0.6,183,182,182,91,0.6,91,90,91,88,1,89,87,88
74,0.2,74.5,74.2,74.3,1,182,0.5,182.2,182.5,181.5,93,0.1,93.5,93.4,93.3,86,1,86,85,87
55,0,54.7,54.7,54.7,2,160,0.3,160.1,159.6,159.5,91,1.9,92,88.5,91.5,69,1.2,68.2,69.5,70.5
62,0.3,62.1,62.2,61.7,1,173,0,173,173,173,80,0,80,80,80,94,0,94,94,94
51,0,51,51,51,2,163,0.1,163,163.1,163.1,88,1.5,89,88,86,67,1,67,68,66
50,0.6,50,51,50,2,161,0.9,161.6,160,160.2,86,2.1,88,84,85,70,0.6,70,70,71
60,0.5,60,59,59.5,1,178,0.1,178.2,178.3,178.1,88,1.5,90,88,87,72,2.1,70,74,73
84,0.2,84.4,84.2,84,1,178,0,178,178,178,94,2.3,97,93,93,96,0.6,97,96,96
77,0,76.7,76.7,76.7,1,176,0.3,176,175.5,176,90,0.6,90,90,91,86,0,86,86,86
87,0,87.1,87.1,87.1,1,171,0.2,170.5,170.5,170.9,100,0.5,100,99,99.5,96,2,94,98,96.5
57,0.1,57.4,57.4,57.2,2,167,1,168,166,166.7,89,0.3,89.5,89,89,72,1,71,71.5,73
77,0.1,77.4,77.4,77.3,1,182,0.4,182.1,182.2,182.9,85,1,86,85,84,81,0.2,81,80.8,80.7
68,0.1,67.8,67.9,67.8,2,162,0.4,162.2,161.9,162.6,104,1.2,105,103,105,78,1.5,76,78,79
94,0,94.1,94.1,94.1,1,190,0.6,190,189,190,89,1,88,89.5,90,94,0.5,93,94,93.8
60,0.1,60,60.1,60,2,166,0.3,166,165.6,165.5,87,1.2,86,86,88,74,0.9,73,73,74.5
52,0.1,52.1,52.1,52.2,2,163,0.1,162.6,162.5,162.5,97,0.8,97.5,96,96.5,65,1,64,66,65
72,0.1,72,72,71.8,2,172,0.1,172.2,172.1,172.2,112,1.6,111.5,111,114,79,1.7,77,80,80
62,0,61.9,61.9,61.9,1,180,0.5,179.8,179.7,180.6,78,0.1,77.8,78,77.9,71,0.1,71.2,71.4,71.4
54,0.1,53.7,53.5,53.6,2,163,0.9,163.6,161.9,163.1,94,0.3,94,94,94.5,67,0.6,67,66,67
53,0.1,52.8,52.6,52.7,2,163,0.2,163.1,163.2,162.9,86,0.6,86,85,86,68,0.3,68,68,68.5
54,0.1,54,54,54.1,2,169,0.1,168.5,168.5,168.7,85,1.3,83.5,86,85,66,0.3,66,66.3,66.5
88,0,87.9,87.9,87.9,1,177,0.4,176.7,176.7,177.4,100,0.6,100,99,100,88,1.9,86,89,89.5
59,0.2,58.5,58.8,58.9,2,172,0.1,171.9,171.9,171.8,86,2.3,88.3,84.2,84.3,70,0.5,70,69.2,70
72,0,72,72,72,1,177,0.3,177,177.3,177.5,80,1.1,81,79.7,78.9,81,0.8,81,79.7,81.2
61,0.4,61.2,61.9,61.1,1,172,0.2,171.5,171.6,171.8,79,0.5,78,79,78.5,88,0.5,87,88,87.5
92,1,93,92,91,1,175,1,175.5,174,176,105,1.5,106,105,103,92,0.8,93,92,91.5
68,0,67.7,67.7,67.7,2,175,0.7,175.3,174.1,174.2,87,1.5,89,86,87,70,0.6,70,71,70
70,0.1,70.3,70.5,70.5,1,178,0,178.4,178.4,178.4,80,1.2,81.2,79.2,79,85,0.7,85,86.2,84.9
51,0.3,51.4,51.4,50.9,2,161,0.2,160.5,160.8,160.5,87,0.4,87.2,86.4,87,71,0.1,71.2,71.3,71.1
64,0.3,64,63.5,64.1,2,167,0.4,166.9,166.3,167,89,0.4,89,88.2,88.6,73,0.6,74,73,73
64,0.1,64.1,64.3,64.1,2,172,0.3,172,171.5,171.7,94,1.2,95,93,93,72,0.6,73,72,72
65,0,64.6,64.6,64.6,2,168,0.6,167.6,168.6,168.7,89,1.4,90.2,87.7,90,71,0.8,70.4,70.6,71.8
60,0,59.8,59.8,59.8,2,160,0,160.2,160.2,160.2,93,0.9,93.5,92,93.5,78,0.6,77.5,76.9,78.1
74,0.1,74.1,73.9,74,1,175,0,175,175,175,82,2.1,84,80,81,83,1,82,84,83
52,0.8,51.5,53,52.2,2,172,0.6,171.1,171.8,172.2,85,1.7,83.6,86.6,83.6,68,0.2,67.6,68,68
55,0,55,55,55,2,161,0.2,161,160.9,161.2,86,0.9,86.8,85,86.2,75,0.4,75,75.8,75.5
85,0.3,84.2,84.7,84.6,1,187,0.5,186.5,187,187.5,86,1.5,88,85,86,89,1.5,91,89,88
