szelveny,kitettseg,foltmeret
1,1,1
1,1,23
1,1,2
1,1,23
1,1,4
1,1,2
1,1,3
1,1,24
1,1,1
1,1,2
1,1,1
1,1,1
1,1,43
1,1,34
1,1,9
1,1,2
1,1,24
1,1,7
1,1,4
1,1,1
1,1,34
1,1,7
1,1,9
1,0,1
1,0,2
1,0,1
1,0,1
1,0,24
1,0,9
1,0,24
1,0,2
1,0,4
1,0,10
1,0,4
1,0,3
1,0,3
1,1,1
1,1,1
1,1,4
1,1,29
1,1,9
1,1,8
1,1,3
1,1,17
1,1,2
1,1,6
1,1,14
1,1,2
1,1,2
1,1,9
1,1,9
1,1,3
1,0,1
1,0,2
1,0,1
1,0,2
1,0,2
1,0,1
1,0,3
1,0,1
1,0,1
1,0,1
1,0,1
1,0,2
1,0,2
1,0,3
1,0,2
1,0,2
1,0,2
1,1,3
1,1,6
1,1,1
1,1,1
1,1,21
1,1,3
1,1,6
1,1,2
1,1,4
1,1,8
1,1,16
1,1,4
1,1,8
1,1,3
1,1,26
1,1,1
1,1,1
1,1,2
1,1,1
1,1,2
1,1,41
1,1,9
1,1,5
1,1,3
1,1,3
1,1,26
1,1,3
1,1,9
1,0,4
1,0,15
1,0,30
1,0,9
1,1,3
1,1,1
1,1,1
1,1,2
1,1,1
1,1,11
1,1,3
1,1,3
1,1,11
1,1,3
1,1,30
1,1,1
1,1,8
1,1,1
1,1,1
1,1,1
1,1,1
1,1,1
1,1,51
1,1,9
1,1,9
1,1,9
1,1,2
1,1,2
1,1,21
1,1,1
1,1,1
1,1,1
1,1,6
1,1,24
1,1,2
1,1,4
1,1,2
1,1,9
1,1,27
1,1,2
1,1,27
1,1,8
1,1,8
1,1,2
1,1,12
1,1,1
1,1,1
1,1,1
1,1,1
1,1,2
1,1,9
1,1,9
1,1,3
1,1,2
1,1,2
1,1,8
1,0,77
1,0,4
1,0,1
1,0,1
1,0,1
1,0,1
1,0,14
1,0,31
1,0,25
1,1,1
1,1,1
1,1,1
1,1,1
1,1,34
1,1,5
1,1,1
1,1,5
1,1,12
1,1,25
1,1,8
1,1,6
1,1,20
1,1,17
1,1,9
1,1,30
1,1,5
1,1,3
1,1,1
1,1,23
1,1,4
1,1,11
1,1,3
1,1,5
1,1,2
1,1,15
1,1,3
1,1,1
1,1,2
1,1,1
1,1,6
1,1,1
1,1,27
1,1,9
1,1,3
1,1,49
1,1,44
1,1,5
1,1,1
1,1,2
1,1,1
1,1,1
1,1,24
1,1,5
1,1,2
1,1,3
1,1,3
1,1,1
1,1,1
1,1,1
1,1,6
1,1,1
1,1,1
1,1,4
1,1,7
1,1,9
1,1,9
1,1,3
1,1,31
1,1,14
1,1,85
1,1,9
1,1,9
1,1,27
1,1,1
1,1,4
1,1,1
1,1,2
1,1,4
1,1,2
1,1,8
1,1,31
1,1,9
1,0,5
1,0,7
1,0,12
1,0,1
1,0,9
1,0,9
1,0,2
1,0,4
1,0,2
1,0,2
1,0,1
1,0,8
1,0,17
1,0,3
1,0,15
1,1,11
1,1,6
1,1,1
1,1,1
1,1,24
1,1,6
1,1,9
1,1,4
1,1,17
1,1,1
1,1,1
1,1,1
1,1,1
1,1,1
1,1,1
1,1,2
1,1,3
1,1,2
1,1,5
1,1,9
1,1,5
1,1,3
1,1,1
1,1,2
1,1,22
1,1,3
1,1,42
1,1,9
1,1,9
1,1,3
1,1,2
1,1,3
1,1,20
1,1,27
1,1,37
1,1,9
1,1,2
1,0,1
1,0,2
1,0,1
1,0,1
1,0,1
1,0,1
1,0,1
1,0,3
1,0,2
1,0,2
1,0,9
1,0,9
1,0,8
1,1,1
1,1,1
1,1,1
1,1,1
1,1,1
1,1,1
1,1,1
1,1,2
1,1,2
1,1,2
1,1,1
1,1,4
1,1,3
1,1,2
1,1,4
1,1,4
1,1,2
1,1,2
1,1,3
1,1,2
1,1,4
1,1,8
1,1,1
1,1,18
1,1,4
1,1,8
1,1,9
1,1,8
1,1,9
1,1,6
1,1,18
1,1,22
1,1,3
1,1,22
1,1,3
1,1,4
1,1,3
1,1,3
1,1,9
1,1,4
1,1,5
1,1,2
1,1,1
1,1,4
1,1,1
1,1,1
1,1,1
1,1,1
1,1,1
1,1,2
1,1,4
1,1,2
1,1,12
1,1,1
1,1,7
1,1,1
1,1,1
1,1,4
1,1,1
1,1,2
1,1,10
1,1,2
1,1,2
1,1,3
1,1,20
1,1,3
1,1,20
1,1,1
1,1,1
1,1,1
1,1,1
1,1,7
1,1,1
1,1,2
1,1,6
1,1,5
1,1,8
1,1,3
1,1,1
1,1,1
1,1,1
1,1,1
1,1,2
1,1,3
1,1,2
1,1,2
1,1,2
1,1,2
1,1,11
1,1,5
1,1,3
1,1,25
1,1,1
1,1,1
1,1,4
1,1,28
1,1,48
1,1,34
1,1,93
1,1,7
1,1,4
1,1,1
1,1,1
1,1,19
1,1,4
1,1,13
1,1,7
1,1,18
1,1,5
1,1,8
1,1,1
1,1,3
1,1,5
1,1,8
1,1,2
1,1,3
1,1,32
1,1,1
1,0,5
1,0,3
1,0,9
1,0,9
1,0,39
1,0,9
1,0,9
1,0,3
1,0,4
1,0,3
1,0,4
1,0,33
1,0,23
1,0,2
1,0,11
1,1,25
1,1,4
1,1,34
1,1,1
1,1,5
1,1,1
1,1,1
1,1,8
1,1,2
1,1,24
1,1,9
1,1,1
1,1,6
1,1,1
1,1,1
1,1,3
1,1,1
1,1,8
1,1,2
1,1,3
1,1,2
1,1,2
1,1,2
1,1,8
1,1,5
1,1,1
1,1,1
1,1,18
1,1,9
1,1,5
1,1,50
1,1,9
1,1,9
1,1,9
1,1,5
1,1,6
1,1,1
1,1,2
1,1,1
1,1,1
1,1,1
1,1,1
1,1,1
1,1,1
1,1,8
1,1,1
1,1,9
1,1,6
1,1,3
1,1,4
1,1,3
1,1,3
1,1,6
1,1,1
1,1,11
1,1,4
1,1,3
1,1,16
1,1,8
1,1,4
1,1,2
1,1,2
1,1,1
1,1,1
1,1,1
1,1,2
1,1,2
1,1,1
1,1,2
1,1,6
1,1,3
1,1,3
1,1,8
1,1,10
1,1,1
1,1,1
1,1,1
1,1,10
1,1,9
1,1,4
1,1,11
1,0,5
1,0,1
1,0,5
1,0,13
1,0,27
1,1,1
1,1,7
1,1,1
1,1,1
1,1,2
1,1,7
1,1,2
1,1,4
1,1,8
1,1,3
1,1,24
1,1,1
1,1,48
1,1,16
1,1,9
1,1,18
1,1,9
1,0,1
1,0,1
1,0,1
1,0,1
1,0,2
1,0,3
1,0,7
1,0,2
1,0,7
1,0,2
1,0,12
1,0,7
1,0,15
1,1,1
1,1,4
1,1,2
1,1,3
1,1,7
1,1,2
1,1,7
1,1,2
1,1,12
1,1,7
1,1,15
2,0,2
2,0,5
2,0,1
2,0,1
2,0,1
2,0,2
2,0,1
2,0,9
2,0,5
2,0,7
2,0,4
2,0,9
2,0,23
2,0,9
2,1,2
2,1,1
2,1,1
2,1,1
2,1,1
2,1,1
2,1,2
2,1,10
2,1,2
2,1,2
2,1,8
2,1,8
2,1,5
2,1,1
2,1,7
2,1,1
2,1,9
2,1,1
2,1,2
2,1,2
2,1,7
2,1,18
2,1,9
2,1,3
2,1,1
2,1,2
2,1,1
2,1,1
2,1,1
2,1,2
2,1,4
2,1,2
2,1,9
2,1,9
2,1,9
2,1,2
2,1,3
2,1,8
2,1,5
2,1,19
2,1,14
2,1,38
2,1,9
2,1,2
2,1,44
2,0,20
2,0,3
2,0,1
2,0,5
2,0,6
2,0,5
2,0,70
2,0,3
2,0,9
2,0,45
2,0,9
2,0,9
2,0,10
2,0,2
2,0,13
2,0,2
2,0,39
2,0,4
2,0,12
2,1,2
2,1,2
2,1,1
2,1,1
2,1,2
2,1,2
2,1,5
2,1,29
2,1,4
2,1,1
2,1,1
2,1,1
2,1,2
2,1,4
2,1,3
2,1,9
2,1,4
2,1,2
2,1,2
2,1,1
2,1,1
2,1,1
2,1,1
2,1,1
2,1,1
2,1,1
2,1,1
2,1,5
2,1,3
2,1,4
2,1,2
2,1,2
2,1,2
2,1,9
2,1,5
2,1,3
2,1,8
2,1,1
2,1,1
2,1,1
2,1,1
2,1,1
2,1,12
2,1,8
2,1,2
2,1,2
2,1,4
2,1,3
2,1,2
2,1,6
2,1,1
2,1,1
2,1,1
2,1,1
2,1,6
2,1,1
2,1,1
2,1,9
2,1,9
2,1,3
2,1,2
2,1,3
2,1,2
2,1,1
2,1,3
2,1,1
2,1,8
2,1,3
2,1,2
2,1,8
2,1,1
2,1,2
2,1,96
2,1,91
2,1,9
2,1,1
2,1,7
2,1,7
2,1,28
2,1,1
2,1,1
2,1,2
2,1,2
2,1,1
2,1,1
2,1,1
2,1,1
2,1,1
2,1,27
2,1,1
2,1,3
2,1,3
2,1,3
2,1,4
2,1,2
2,1,3
2,1,1
2,1,1
2,1,3
2,1,11
2,1,9
2,1,5
2,1,3
2,1,1
2,1,5
2,1,20
2,1,4
2,1,32
2,1,3
2,1,1
2,1,3
2,1,1
2,1,1
2,1,1
2,1,1
2,1,1
2,1,1
2,1,1
2,1,1
2,1,2
2,1,1
2,1,2
2,1,3
2,1,2
2,1,5
2,1,2
2,1,3
2,0,76
2,1,5
2,1,7
2,1,1
2,1,1
2,1,1
2,1,1
2,1,13
2,1,5
2,1,7
2,1,2
2,1,2
2,1,7
2,1,3
2,1,43
2,1,1
2,1,1
2,1,3
2,1,2
2,1,54
2,1,5
2,1,3
2,1,4
2,1,1
2,1,1
2,1,1
2,1,3
2,1,9
2,1,8
2,1,3
2,1,2
2,1,3
2,1,4
2,1,2
2,1,30
2,1,1
2,1,1
2,1,1
2,1,1
2,1,1
2,1,1
2,1,1
2,1,1
2,1,1
2,1,2
2,1,1
2,1,2
2,1,1
2,1,3
2,1,1
2,1,1
2,1,5
2,1,11
2,1,2
2,1,4
2,1,3
2,1,3
2,1,5
2,1,8
2,1,1
2,1,1
2,1,1
2,1,6
2,1,1
2,1,14
2,1,8
2,1,4
2,1,9
2,1,9
2,1,9
2,1,9
2,1,12
2,1,1
2,1,5
2,1,21
2,1,3
2,1,2
2,1,1
2,1,2
2,1,2
2,1,1
2,1,1
2,1,1
2,1,1
2,1,1
2,1,1
2,1,1
2,1,1
2,1,1
2,1,2
2,1,2
2,1,2
2,1,3
2,1,2
2,1,3
2,1,2
2,1,3
2,1,2
2,1,4
2,1,1
2,1,2
2,1,1
2,1,2
2,1,1
2,1,1
2,1,1
2,1,1
2,1,1
2,1,1
2,1,2
2,1,1
2,1,2
2,1,5
2,1,9
2,1,9
2,1,9
2,1,2
2,1,5
2,1,2
2,1,2
2,1,2
2,0,4
2,0,1
2,0,1
2,0,1
2,0,1
2,0,3
2,0,4
2,0,5
2,0,8
2,0,9
2,0,8
2,0,14
2,0,2
2,0,100
2,0,9
2,0,9
2,0,9
2,0,9
2,0,12
2,0,21
2,0,6
2,0,1
2,0,9
2,0,1
2,0,1
2,0,1
2,0,1
2,0,1
2,0,1
2,0,3
2,0,17
2,0,4
2,0,2
2,0,3
2,0,3
2,0,2
2,0,2
2,0,36
2,0,9
2,1,2
2,1,1
2,1,1
2,1,4
2,1,1
2,1,1
2,1,3
2,1,17
2,1,4
2,1,2
2,1,3
2,1,3
2,1,2
2,1,2
2,1,36
2,1,9
2,1,4
2,1,2
2,1,1
2,1,2
2,1,1
2,1,1
2,1,1
2,1,2
2,1,1
2,1,4
2,1,2
2,1,3
2,1,3
2,1,2
2,1,2
2,1,2
2,1,2
2,0,1
2,0,15
2,0,1
2,0,17
2,0,36
2,1,1
2,1,3
2,1,2
2,1,2
2,1,1
2,1,1
2,1,1
2,1,2
2,1,1
2,1,2
2,1,2
2,1,3
2,1,3
2,1,11
2,1,2
2,1,2
2,1,9
2,1,9
2,1,9
2,1,2
2,1,1
2,1,2
2,1,3
2,1,30
2,0,4
2,0,3
2,0,2
2,0,1
2,0,10
2,0,8
2,0,3
2,0,5
2,0,9
2,0,25
2,0,9
2,0,2
2,1,5
2,1,1
2,1,1
2,1,1
2,1,1
2,1,1
2,1,1
2,1,1
2,1,1
2,1,1
2,1,1
2,1,1
2,1,1
2,1,3
2,1,1
2,1,1
2,1,6
2,1,2
2,1,3
2,1,9
2,1,4
2,1,8
2,1,3
2,1,5
2,1,1
2,1,1
2,1,1
2,1,1
2,1,1
2,1,1
2,1,3
2,1,22
2,1,9
2,1,9
2,1,2
2,1,5
2,1,9
2,1,7
2,1,6
2,0,6
2,0,2
2,0,6
2,0,42
2,0,37
2,0,9
2,0,9
2,0,8
2,0,3
2,0,9
2,0,19
2,1,14
2,1,8
2,1,1
2,1,1
2,1,1
2,1,6
2,1,42
2,1,37
2,1,9
2,1,9
2,1,8
2,1,3
2,1,9
2,1,19
2,1,1
2,1,1
2,1,1
2,1,4
2,1,1
2,1,44
2,1,9
2,1,9
2,1,9
2,1,9
2,1,2
2,1,1
2,1,2
2,1,1
2,1,1
2,1,1
2,1,3
2,1,2
2,1,2
2,1,14
2,1,4
2,1,4
2,1,28
2,1,37
2,1,7
2,1,46
2,1,7
2,1,41
2,1,9
2,0,8
2,0,6
2,0,10
2,0,9
2,0,3
2,1,1
2,1,8
2,1,1
2,1,8
2,1,2
2,1,2
2,1,4
2,1,2
2,1,5
2,1,30
2,1,3
2,1,3
2,1,26
2,1,23
2,1,102
2,1,9
2,1,48
2,1,2
2,1,3
2,1,1
2,1,3
2,1,9
2,1,9
2,1,2
2,1,1
2,1,2
2,1,3
2,1,1
2,1,1
2,1,2
2,1,2
2,1,4
2,1,4
2,1,8
2,1,2
2,1,2
2,1,1
2,1,1
2,1,1
2,1,2
2,1,2
2,1,2
2,1,2
2,1,3
2,1,6
2,1,9
2,0,1
2,0,1
2,0,47
2,0,58
2,0,9
2,0,17
2,0,1
2,0,5
2,0,19
2,0,3
2,0,16
2,0,1
2,0,1
2,0,3
2,0,9
2,0,3
2,0,9
2,0,3
2,0,2
2,1,2
2,1,1
2,1,1
2,1,2
2,1,2
2,1,33
2,1,1
2,1,3
2,1,3
2,1,26
2,1,9
2,1,4
2,1,16
2,1,1
2,1,1
2,1,1
2,1,2
2,1,22
2,1,9
2,1,2
2,1,2
2,1,12
2,1,3
2,1,3
2,1,1
2,1,1
2,1,9
2,1,3
2,1,3
2,1,9
2,1,10
2,1,5
2,1,2
2,1,1
2,1,23
2,1,5
2,1,7
2,1,39
2,1,9
2,1,9
2,1,3
2,1,1
2,1,2
2,1,1
2,1,1
2,1,1
2,1,2
2,1,2
2,1,2
2,1,2
2,1,2
2,1,3
2,1,4
2,1,3
2,1,2
2,1,1
2,1,1
2,1,1
2,1,1
2,1,1
2,1,1
2,1,2
2,1,1
2,1,2
2,1,2
2,1,3
2,1,2
2,1,3
2,0,2
2,0,39
2,0,2
2,0,70
2,0,2
2,0,2
2,0,2
2,0,2
2,1,13
2,1,2
2,1,1
2,1,1
2,1,2
2,1,1
2,1,1
2,1,1
2,1,1
2,1,2
2,1,70
2,1,2
2,1,2
2,1,2
2,1,2
2,1,2
2,1,1
2,1,1
2,1,1
2,1,2
2,1,1
2,1,1
2,1,2
2,1,1
2,1,2
2,1,10
2,1,5
2,1,8
2,1,3
2,1,11
2,1,1
2,1,1
2,1,1
2,1,1
2,1,12
2,1,3
2,1,67
2,1,48
2,1,43
2,0,1
2,0,4
2,0,1
2,0,4
2,0,4
2,0,4
2,0,9
2,0,19
2,0,4
2,0,11
3,0,39
3,0,4
3,0,1
3,0,2
3,0,39
3,0,28
3,0,9
3,0,9
3,0,9
3,1,2
3,1,1
3,1,1
3,1,1
3,1,1
3,1,1
3,1,1
3,1,2
3,1,3
3,1,3
3,1,2
3,1,2
3,1,16
3,1,3
3,1,3
3,1,3
3,1,2
3,1,2
3,1,9
3,1,2
3,1,2
3,1,2
3,1,3
3,1,3
3,1,3
3,1,3
3,1,6
3,1,2
3,1,2
3,1,5
3,1,4
3,1,3
3,1,3
3,1,4
3,1,2
3,1,2
3,1,3
3,1,3
3,1,9
3,1,1
3,1,5
3,1,1
3,1,1
3,1,1
3,1,2
3,1,1
3,1,1
3,1,1
3,1,4
3,1,4
3,1,8
3,1,9
3,1,9
3,1,2
3,1,2
3,1,11
3,1,8
3,1,1
3,1,1
3,1,1
3,1,17
3,1,36
3,1,9
3,1,8
3,1,26
3,1,9
3,1,9
3,1,5
3,1,4
3,1,2
3,1,18
3,1,4
3,1,30
3,1,9
3,1,2
3,0,20
3,0,26
3,0,1
3,0,6
3,0,1
3,0,1
3,0,9
3,0,1
3,0,1
3,0,78
3,0,9
3,0,6
3,1,1
3,1,1
3,1,1
3,1,1
3,1,1
3,1,10
3,1,3
3,1,3
3,1,13
3,1,1
3,1,1
3,1,2
3,1,3
3,1,1
3,1,2
3,1,9
3,1,9
3,1,9
3,1,9
3,1,9
3,1,2
3,1,16
3,1,1
3,1,1
3,1,1
3,1,1
3,1,1
3,1,1
3,1,2
3,1,2
3,1,4
3,1,3
3,1,9
3,1,3
3,1,2
3,1,8
3,1,2
3,1,18
3,1,2
3,1,1
3,1,1
3,1,16
3,1,1
3,1,2
3,1,2
3,1,3
3,1,2
3,1,1
3,1,11
3,1,2
3,1,2
3,1,25
3,1,3
3,1,2
3,1,4
3,1,9
3,1,19
3,1,2
3,1,9
3,1,4
3,1,42
3,1,30
3,1,9
3,1,5
3,1,1
3,1,1
3,1,1
3,1,2
3,1,1
3,1,2
3,1,2
3,1,9
3,1,3
3,1,1
3,1,1
3,1,1
3,1,1
3,1,1
3,1,4
3,1,3
3,1,9
3,1,9
3,1,9
3,1,6
3,1,7
3,0,60
3,0,11
3,0,2
3,0,1
3,0,1
3,0,2
3,0,27
3,0,9
3,0,9
3,1,1
3,1,4
3,1,1
3,1,1
3,1,1
3,1,10
3,1,10
3,1,4
3,1,9
3,1,14
3,1,7
3,1,4
3,1,2
3,1,3
3,1,3
3,1,4
3,1,1
3,1,1
3,1,3
3,1,5
3,1,9
3,1,9
3,1,9
3,1,8
3,1,9
3,1,6
3,1,1
3,1,1
3,1,1
3,1,1
3,1,1
3,1,2
3,1,2
3,1,13
3,1,7
3,1,2
3,1,18
3,1,1
3,1,4
3,1,1
3,1,1
3,1,1
3,1,1
3,1,1
3,1,1
3,1,1
3,1,1
3,1,5
3,1,1
3,1,1
3,1,3
3,1,4
3,1,3
3,1,4
3,1,8
3,1,2
3,1,5
3,1,13
3,1,2
3,1,1
3,1,1
3,1,1
3,1,1
3,1,8
3,1,24
3,1,5
3,1,9
3,1,1
3,1,4
3,1,1
3,1,3
3,1,2
3,1,4
3,1,2
3,1,2
3,1,4
3,1,2
3,1,5
3,1,3
3,1,4
3,1,2
3,1,1
3,1,1
3,1,2
3,1,1
3,1,1
3,1,1
3,1,1
3,1,2
3,1,1
3,1,1
3,1,1
3,1,2
3,1,2
3,1,2
3,1,3
3,1,3
3,1,3
3,1,4
3,1,4
3,1,2
3,1,2
3,0,49
3,0,1
3,0,21
3,0,3
3,0,1
3,0,2
3,0,2
3,0,1
3,0,3
3,0,9
3,0,8
3,0,2
3,0,3
3,0,2
3,0,19
3,0,54
3,0,2
3,0,44
3,0,9
3,0,9
3,0,8
3,0,9
3,0,10
3,0,2
3,0,13
3,0,2
3,1,2
3,1,6
3,1,1
3,1,1
3,1,9
3,1,2
3,1,19
3,1,54
3,1,2
3,1,44
3,1,9
3,1,9
3,1,8
3,1,9
3,1,10
3,1,2
3,1,13
3,1,2
3,1,6
3,1,4
3,1,6
3,1,2
3,1,22
3,1,9
3,1,4
3,1,8
3,1,3
3,0,1
3,0,1
3,0,6
3,0,21
3,0,9
3,0,2
3,0,4
3,1,2
3,1,5
3,1,1
3,1,9
3,1,9
3,1,5
3,1,20
3,1,9
3,1,35
3,1,22
3,0,1
3,0,1
3,0,28
3,0,9
3,0,3
3,0,3
3,0,1
3,0,7
3,0,1
3,0,2
3,0,1
3,0,3
3,0,9
3,0,4
3,0,3
3,0,5
3,0,7
3,0,9
3,0,4
3,0,2
3,0,1
3,0,8
3,0,2
3,0,9
3,0,3
3,0,9
3,1,2
3,1,1
3,1,15
3,1,2
3,1,3
3,1,3
3,1,2
3,1,20
3,1,9
3,0,1
3,0,3
3,0,1
3,0,1
3,0,1
3,0,1
3,0,1
3,0,1
3,0,3
3,0,2
3,0,2
3,0,9
3,0,2
3,0,4
3,0,9
3,0,8
3,1,1
3,1,1
3,1,1
3,1,1
3,1,1
3,1,1
3,1,1
3,1,3
3,1,1
3,1,1
3,1,1
3,1,2
3,1,2
3,1,3
3,1,2
3,1,1
3,1,5
3,1,56
3,1,62
3,1,9
3,1,9
3,1,6
3,1,9
3,1,3
3,1,19
3,0,1
3,0,16
3,0,1
3,0,1
3,0,2
3,0,16
3,0,1
3,0,1
3,0,1
3,0,36
3,0,9
3,0,40
3,0,3
3,0,3
3,1,4
3,1,8
3,1,3
3,1,2
3,1,2
3,1,4
3,1,29
3,1,9
3,1,9
3,1,10
3,1,16
3,1,2
3,1,48
3,1,4
3,1,1
3,1,3
3,1,67
3,1,9
3,1,3
3,1,2
3,1,9
3,0,1
3,0,1
3,0,41
3,0,3
3,0,9
3,0,9
3,1,4
3,1,9
3,1,1
3,1,1
3,1,1
3,1,1
3,1,16
3,1,1
3,1,10
3,1,4
3,1,4
3,1,9
3,1,5
3,1,3
3,1,9
3,1,2
3,1,62
3,1,20
3,1,81
3,1,9
3,1,1
3,1,1
3,1,1
3,1,1
3,1,1
3,1,1
3,1,2
3,1,1
3,1,2
3,1,2
3,1,9
3,1,3
3,1,1
3,1,4
3,1,1
3,1,1
3,1,1
3,1,1
3,1,1
3,1,1
3,1,1
3,1,1
3,1,1
3,1,1
3,1,1
3,1,2
3,1,2
3,1,2
3,1,4
3,1,2
3,1,2
3,1,4
3,1,3
3,1,3
3,1,2
3,1,2
3,1,3
3,1,2
3,1,2
3,1,2
3,1,2
3,1,2
3,1,14
3,1,7
3,1,4
3,1,21
3,1,15
3,1,2
3,1,68
3,1,9
3,1,9
3,1,9
3,1,2
3,1,2
3,1,1
3,1,3
3,1,1
3,1,2
3,1,3
3,1,7
3,1,29
3,1,9
3,1,2
3,1,8
3,0,6
3,0,37
3,0,72
3,0,63
3,0,9
3,1,2
3,1,7
3,1,1
3,1,1
3,1,1
3,1,15
3,1,2
3,1,9
3,1,2
3,1,37
3,1,1
3,1,2
3,1,1
3,1,1
3,1,2
3,1,2
3,1,2
3,1,2
3,1,2
3,1,2
3,1,8
3,1,2
3,1,9
3,1,1
3,1,2
3,1,2
3,1,22
3,1,9
3,1,5
3,1,3
3,1,4
3,1,4
3,1,2
3,1,2
3,1,2
3,1,1
3,1,1
3,1,3
3,1,4
3,1,4
3,1,3
3,1,4
3,1,3
3,1,15
3,0,1
3,0,1
3,0,2
3,0,1
3,0,7
3,0,5
3,0,42
3,0,42
3,0,9
3,0,2
3,0,2
3,0,3
3,0,5
3,1,3
3,1,13
3,1,2
3,1,2
3,1,13
3,1,3
3,1,13
3,1,7
3,1,3
3,1,7
3,1,4
3,1,1
3,1,7
3,1,9
3,1,4
3,1,5
3,1,3
3,1,3
3,1,2
3,1,2
3,1,1
3,1,1
3,1,1
3,1,1
3,1,1
3,1,1
3,1,3
3,1,1
3,1,2
3,1,2
3,1,9
3,1,5
3,0,1
3,0,1
3,0,92
3,0,9
3,0,9
3,0,2
3,0,2
3,0,2
3,0,16
3,0,5
3,0,9
3,1,1
3,1,1
3,1,1
3,1,1
3,1,1
3,1,1
3,1,1
3,1,1
3,1,1
3,1,92
3,1,9
3,1,9
3,1,2
3,1,2
3,1,2
3,1,16
3,1,5
3,1,9
3,1,4
3,1,1
3,1,4
3,1,11
3,1,9
3,1,8
3,0,3
3,0,4
3,0,24
3,0,9
3,1,1
3,1,3
3,1,27
3,1,9
3,1,9
3,1,3
3,1,55
3,1,8
3,1,9
3,1,5
3,1,18
3,0,12
3,0,26
3,0,1
3,0,1
3,0,1
3,0,1
3,0,2
3,0,9
3,0,9
3,0,2
3,0,4
4,0,1
4,0,3
4,0,1
4,0,1
4,0,1
4,0,2
4,0,3
4,0,2
4,0,2
4,0,2
4,0,2
4,0,2
4,0,6
4,1,3
4,1,4
4,1,1
4,1,2
4,1,2
4,1,4
4,1,3
4,1,4
4,1,6
4,1,9
4,1,9
4,1,9
4,1,9
4,1,9
4,1,3
4,1,15
4,1,2
4,1,1
4,1,1
4,1,2
4,1,2
4,1,1
4,1,2
4,1,1
4,1,4
4,1,21
4,1,2
4,1,2
4,1,9
4,1,12
4,1,4
4,1,9
4,1,5
4,1,6
4,1,5
4,1,6
4,1,55
4,1,9
4,1,9
4,0,3
4,0,13
4,0,1
4,0,33
4,0,12
4,0,10
4,0,2
4,0,1
4,0,87
4,0,68
4,0,9
4,0,9
4,1,1
4,1,1
4,1,1
4,1,1
4,1,3
4,1,6
4,1,3
4,1,28
4,1,9
4,1,2
4,1,2
4,1,2
4,1,2
4,1,6
4,1,40
4,1,9
4,1,9
4,1,9
4,1,1
4,1,6
4,1,1
4,1,5
4,1,6
4,1,72
4,1,57
4,0,11
4,0,10
4,0,11
4,1,1
4,1,1
4,1,1
4,1,1
4,1,1
4,1,1
4,1,1
4,1,1
4,1,1
4,1,4
4,1,2
4,1,11
4,1,3
4,1,2
4,1,9
4,1,9
4,1,9
4,1,4
4,1,8
4,1,1
4,1,2
4,1,4
4,1,8
4,1,13
4,1,53
4,1,5
4,1,1
4,1,1
4,1,1
4,1,1
4,1,1
4,1,1
4,1,1
4,1,1
4,1,1
4,1,6
4,1,5
4,1,2
4,1,12
4,1,2
4,1,4
4,1,3
4,0,4
4,0,4
4,0,9
4,0,9
4,0,4
4,0,8
4,0,2
4,0,18
4,0,6
4,1,1
4,1,4
4,1,4
4,1,2
4,1,4
4,1,26
4,1,5
4,1,4
4,1,8
4,1,1
4,1,6
4,1,20
4,1,9
4,1,8
4,1,9
4,1,9
4,1,7
4,1,9
4,1,9
4,1,3
4,1,14
4,1,1
4,1,2
4,1,1
4,1,4
4,1,21
4,1,3
4,1,71
4,1,9
4,1,9
4,1,9
4,1,9
4,1,1
4,1,4
4,1,4
4,1,2
4,1,78
4,1,8
4,1,9
4,1,5
4,1,2
4,1,1
4,1,11
4,1,1
4,1,1
4,1,2
4,1,5
4,1,1
4,1,8
4,1,1
4,1,2
4,1,8
4,1,12
4,1,53
4,1,9
4,1,9
4,0,38
4,0,19
4,0,1
4,1,5
4,1,6
4,1,1
4,1,1
4,1,1
4,1,5
4,1,12
4,1,6
4,1,5
4,1,2
4,1,11
4,1,5
4,1,5
4,1,1
4,1,1
4,1,2
4,1,1
4,1,2
4,1,5
4,1,2
4,1,17
4,1,4
4,1,8
4,1,1
4,1,9
4,1,1
4,1,2
4,1,1
4,1,1
4,1,1
4,1,6
4,1,9
4,1,3
4,1,18
4,1,1
4,1,1
4,1,1
4,1,1
4,1,2
4,1,36
4,1,9
4,1,9
4,0,1
4,0,4
4,0,4
4,0,35
4,0,4
4,1,9
4,1,4
4,1,22
4,1,4
4,1,35
4,1,4
4,1,1
4,1,1
4,1,1
4,1,1
4,1,1
4,1,2
4,1,2
4,1,4
4,1,2
4,1,4
4,1,6
4,1,7
4,1,12
4,1,1
4,1,7
4,1,3
4,1,10
4,1,2
4,1,9
4,1,9
4,1,9
4,1,8
4,0,1
4,0,2
4,0,9
4,0,9
4,0,9
4,0,4
4,0,2
4,0,9
4,0,5
4,0,8
4,0,3
4,0,3
4,0,2
4,1,2
4,1,1
4,1,1
4,1,1
4,1,1
4,1,2
4,1,6
4,1,9
4,1,9
4,1,9
4,1,4
4,1,2
4,1,9
4,1,5
4,1,8
4,1,3
4,1,3
4,1,2
4,1,4
4,1,6
4,1,1
4,1,1
4,1,1
4,1,4
4,1,1
4,1,2
4,1,5
4,1,6
4,1,2
4,1,15
4,1,3
4,1,3
4,1,9
4,1,2
4,1,1
4,1,1
4,1,2
4,1,1
4,1,2
4,1,1
4,1,2
4,1,4
4,1,9
4,1,4
4,1,2
4,1,13
4,1,1
4,1,1
4,1,2
4,1,1
4,1,2
4,1,2
4,1,1
4,1,1
4,1,4
4,1,18
4,1,9
4,1,3
4,1,5
4,1,2
4,1,3
4,1,3
4,1,26
4,1,9
4,1,9
4,1,2
4,1,2
4,0,23
4,0,10
4,0,2
4,0,9
4,0,3
4,0,2
4,0,1
4,0,1
4,0,2
4,0,3
4,0,2
4,0,2
4,0,26
4,0,21
4,0,9
4,0,6
4,0,2
4,0,38
4,0,8
4,0,9
4,0,4
4,0,5
4,1,1
4,1,2
4,1,1
4,1,2
4,1,3
4,1,2
4,1,2
4,1,26
4,1,21
4,1,9
4,1,6
4,1,2
4,1,38
4,1,8
4,1,9
4,1,4
4,1,5
4,1,6
4,1,1
4,1,1
4,1,1
4,1,3
4,1,4
4,1,9
4,1,3
4,1,54
4,1,9
4,1,9
4,1,9
4,1,12
4,1,1
4,1,1
4,1,1
4,1,1
4,1,1
4,1,1
4,1,1
4,1,1
4,1,1
4,1,1
4,1,6
4,1,3
4,1,12
4,1,3
4,1,2
4,1,24
4,1,4
4,1,9
4,1,9
4,0,6
4,0,28
4,0,2
4,0,9
4,0,6
4,0,4
4,1,2
4,1,1
4,1,1
4,1,2
4,1,2
4,1,3
4,1,2
4,1,10
4,1,13
4,0,1
4,0,4
4,0,1
4,0,1
4,0,2
4,0,4
4,0,9
4,0,9
4,0,8
4,0,3
4,1,1
4,1,2
4,1,1
4,1,1
4,1,1
4,1,1
4,1,1
4,1,1
4,1,1
4,1,1
4,1,4
4,1,1
4,1,1
4,1,1
4,1,1
4,1,8
4,1,3
4,1,9
4,1,3
4,1,8
4,1,4
4,1,3
4,1,10
4,1,20
4,1,9
4,1,81
4,1,5
4,1,9
4,1,9
4,0,23
4,0,1
4,0,1
4,0,2
4,0,2
4,0,1
4,0,1
4,0,1
4,0,1
4,0,1
4,0,2
4,0,33
4,0,18
4,0,2
4,0,39
4,0,27
4,0,2
4,1,14
4,1,1
4,1,3
4,1,54
4,1,26
4,1,12
4,1,1
4,1,1
4,1,1
4,1,1
4,1,1
4,1,1
4,1,4
4,1,2
4,1,2
4,1,2
4,1,2
4,1,2
4,1,2
4,1,3
4,1,5
4,1,5
4,1,1
4,1,1
4,1,2
4,1,1
4,1,1
4,1,1
4,1,2
4,1,11
4,1,5
4,1,4
4,1,16
4,1,2
4,1,1
4,1,1
4,1,1
4,1,1
4,1,1
4,1,4
4,1,1
4,1,1
4,1,4
4,1,20
4,1,2
4,1,19
4,1,9
4,1,10
4,1,5
4,1,9
4,1,9
4,0,1
4,0,2
4,0,15
4,0,2
4,0,11
4,0,4
4,1,14
4,1,1
4,1,6
4,1,17
4,1,78
4,1,9
4,1,9
4,1,9
4,1,9
4,1,9
4,1,16
4,1,1
4,1,122
4,1,3
4,1,109
4,1,84
4,1,3
4,1,2
4,1,1
4,1,2
4,1,3
4,1,1
4,1,1
4,1,2
4,1,3
4,1,3
4,1,3
4,0,23
4,0,14
4,0,2
4,0,9
4,0,9
4,0,9
4,1,2
4,1,1
4,1,1
4,1,2
4,1,5
4,1,2
4,1,56
4,1,38
4,1,1
4,1,6
4,1,1
4,1,1
4,1,1
4,1,6
4,1,9
4,1,2
4,1,38
4,1,9
4,1,9
4,0,1
4,0,25
4,1,1
4,1,2
4,1,5
4,1,1
4,1,2
4,1,10
4,1,6
4,0,1
4,0,2
4,0,1
4,0,1
4,0,1
4,0,2
4,0,63
4,0,9
4,0,9
4,0,8
4,0,2
4,1,1
4,1,1
4,1,1
4,1,24
4,1,2
4,1,1
4,1,1
4,1,1
4,1,1
4,1,1
4,1,4
4,1,2
4,1,3
4,1,2
4,1,3
4,1,2
4,1,6
4,1,2
4,1,1
4,1,1
4,1,2
4,1,1
4,1,9
4,1,3
4,1,3
4,1,20
4,1,7
4,1,2
4,1,1
4,1,1
4,1,1
4,1,1
4,1,5
4,1,2
4,1,2
4,1,27
4,1,9
4,1,9
4,1,4
4,1,9
4,0,2
4,0,2
4,0,1
4,0,1
4,0,1
4,0,1
4,0,1
4,0,1
4,0,1
4,0,1
4,0,1
4,0,2
4,0,2
4,0,4
4,0,2
4,0,11
4,0,6
4,0,2
4,0,3
4,1,1
4,1,3
4,1,1
4,1,1
4,1,1
4,1,1
4,1,1
4,1,1
4,1,1
4,1,1
4,1,2
4,1,1
4,1,1
4,1,1
4,1,1
4,1,3
4,1,8
4,1,3
4,1,3
4,1,6
4,1,2
4,1,9
4,1,2
4,1,3
4,1,10
4,1,3
4,1,1
4,1,4
4,1,1
4,1,6
4,1,4
4,1,4
4,1,2
4,1,8
4,1,4
4,1,5
4,1,8
4,1,5
4,1,4
4,1,1
4,1,1
4,1,1
4,1,1
4,1,1
4,1,1
4,1,1
4,1,1
4,1,6
4,1,10
4,1,4
4,1,2
4,1,3
4,1,2
4,1,2
4,1,2
4,1,8
4,0,23
4,0,12
4,0,9
4,0,71
4,0,9
4,0,4
4,1,2
4,1,4
4,1,1
4,1,2
4,1,4
4,1,4
4,1,12
4,1,8
4,1,8
4,1,1
4,1,2
4,1,9
4,1,9
4,1,9
4,1,9
4,1,66
4,1,39
4,1,8
4,1,9
4,0,4
4,0,1
4,0,4
4,0,19
4,1,13
4,1,1
4,1,1
4,1,2
4,1,3
4,1,3
4,1,2
4,1,28
4,1,9
4,1,8
4,1,9
4,1,9
4,1,9
4,1,9
4,0,23
4,0,14
4,0,1
4,0,1
4,0,3
4,0,9
4,0,8
4,0,2
4,0,2
5,1,1
5,1,6
5,1,33
5,1,9
5,1,9
5,1,3
5,1,4
5,1,1
5,1,11
5,1,1
5,1,1
5,1,1
5,1,5
5,1,8
5,0,1
5,0,2
5,0,1
5,0,2
5,0,3
5,0,5
5,0,5
5,0,4
5,0,2
5,0,17
5,0,9
5,0,10
5,0,7
5,0,2
5,0,2
5,0,25
5,0,9
5,0,9
5,0,4
5,0,5
5,0,31
5,0,9
5,0,9
5,1,5
5,1,1
5,1,4
5,1,25
5,1,9
5,1,9
5,1,4
5,1,5
5,1,31
5,1,9
5,1,9
5,0,1
5,0,2
5,0,5
5,0,9
5,0,9
5,0,9
5,0,9
5,1,8
5,1,1
5,1,2
5,1,2
5,1,16
5,1,8
5,1,14
5,1,3
5,1,9
5,0,8
5,0,2
5,0,1
5,0,2
5,0,1
5,0,1
5,0,11
5,0,2
5,0,3
5,0,9
5,0,7
5,0,3
5,1,2
5,1,24
5,1,1
5,1,2
5,1,2
5,0,10
5,0,2
5,0,24
5,0,9
5,0,7
5,0,8
5,0,2
5,0,2
5,1,4
5,1,5
5,1,1
5,1,18
5,1,4
5,1,5
5,1,5
5,1,2
5,1,1
5,1,5
5,1,3
5,1,2
5,1,5
5,1,9
5,1,6
5,1,5
5,1,2
5,1,8
5,1,11
5,1,6
5,1,32
5,1,9
5,1,5
5,1,16
5,1,1
5,1,1
5,1,5
5,0,78
5,0,1
5,0,2
5,0,1
5,0,1
5,0,1
5,0,1
5,0,1
5,0,2
5,0,5
5,0,5
5,0,26
5,0,3
5,0,9
5,0,9
5,0,9
5,0,7
5,0,8
5,0,13
5,0,24
5,0,13
5,1,4
5,1,1
5,1,3
5,1,4
5,1,11
5,1,2
5,1,8
5,1,8
5,1,1
5,1,3
5,1,1
5,1,7
5,1,13
5,1,9
5,1,8
5,1,5
5,0,1
5,0,3
5,0,2
5,0,9
5,0,9
5,0,7
5,0,3
5,0,2
5,0,55
5,0,43
5,0,9
5,1,8
5,1,18
5,1,1
5,1,9
5,1,9
5,1,7
5,1,3
5,1,2
5,1,55
5,1,43
5,1,9
5,0,1
5,0,4
5,0,1
5,0,1
5,0,4
5,0,4
5,0,9
5,0,9
5,0,4
5,0,3
5,0,6
5,0,8
5,0,11
5,0,12
5,0,5
5,0,3
5,1,2
5,1,2
5,1,1
5,1,1
5,1,1
5,1,3
5,1,4
5,1,4
5,1,9
5,1,9
5,1,4
5,1,3
5,1,6
5,1,8
5,1,11
5,1,12
5,1,5
5,1,3
5,1,16
5,1,18
5,1,38
5,0,10
5,0,14
5,0,36
5,0,9
5,0,8
5,0,9
5,0,1
5,0,1
5,0,1
5,0,1
5,0,1
5,0,2
5,0,1
5,0,1
5,0,1
5,0,1
5,0,4
5,0,2
5,0,3
5,0,9
5,0,2
5,0,2
5,0,2
5,0,2
5,0,8
5,0,3
5,0,3
5,0,2
5,0,3
5,0,3
5,0,9
5,1,1
5,1,4
5,1,1
5,1,1
5,1,1
5,1,2
5,1,2
5,1,6
5,1,1
5,1,4
5,1,2
5,1,3
5,1,9
5,1,2
5,1,2
5,1,2
5,1,2
5,1,8
5,1,3
5,1,3
5,1,2
5,1,3
5,1,3
5,1,9
5,0,20
5,0,1
5,0,22
5,0,22
5,0,7
5,0,12
5,0,1
5,0,2
5,0,42
5,0,9
5,0,9
5,0,2
5,1,5
5,1,11
5,1,1
5,1,2
5,1,1
5,1,2
5,1,7
5,1,2
5,1,2
5,1,9
5,1,19
5,1,9
5,1,2
5,1,5
5,0,3
5,0,20
5,0,31
5,0,4
5,0,3
5,0,16
5,0,3
5,0,10
5,0,2
5,0,9
5,0,9
5,0,8
5,0,11
5,0,15
5,0,2
5,0,22
5,0,3
5,0,8
5,0,9
5,0,3
5,0,10
5,0,2
5,1,3
5,1,1
5,1,1
5,1,1
5,1,2
5,1,1
5,1,1
5,1,1
5,1,22
5,1,3
5,1,8
5,1,9
5,1,3
5,1,10
5,1,2
5,0,9
5,0,3
5,0,2
5,0,3
5,0,11
5,0,6
5,0,9
5,0,3
5,0,29
5,1,19
5,1,10
5,1,3
5,1,11
5,1,6
5,1,9
5,1,3
5,1,29
5,1,1
5,1,1
5,1,3
5,1,5
5,1,40
5,1,9
5,0,3
5,0,2
5,0,1
5,0,2
5,0,1
5,0,1
5,0,2
5,0,3
5,0,9
5,0,3
5,0,2
5,0,3
5,0,5
5,0,2
5,1,1
5,1,10
5,1,2
5,1,2
5,1,17
5,1,8
5,1,4
5,1,1
5,1,3
5,1,2
5,1,2
5,1,3
5,1,12
5,1,3
5,1,35
5,1,9
5,1,9
5,1,6
5,1,3
5,1,1
5,1,6
5,1,7
5,1,6
5,1,21
5,1,4
5,0,5
5,0,3
5,0,1
5,0,3
5,0,9
5,0,7
5,1,3
5,1,3
5,1,3
5,1,3
5,1,17
5,0,10
5,0,11
5,0,22
5,0,9
5,0,4
5,0,12
5,0,41
5,0,9
5,1,8
5,1,15
5,1,22
5,1,9
5,1,4
5,1,12
5,1,41
5,1,9
5,0,1
5,0,1
5,0,2
5,0,17
5,0,3
5,0,8
5,1,1
5,1,3
5,1,3
5,1,25
5,1,8
5,0,6
5,0,4
5,0,6
5,0,15
5,0,9
5,0,8
5,0,9
5,0,3
5,0,13
5,1,1
5,1,8
5,1,4
5,1,1
5,1,1
5,1,1
5,1,1
5,1,6
5,1,15
5,1,9
5,1,8
5,1,9
5,1,3
5,1,13
5,1,7
5,1,34
5,1,2
5,1,2
5,1,13
5,1,8
5,1,42
5,0,26
5,0,22
5,0,1
5,0,1
5,0,49
5,1,2
5,1,1
5,1,2
5,1,1
5,1,2
5,1,18
5,1,3
5,1,2
5,1,4
5,1,5
5,1,3
5,1,4
5,1,2
5,0,2
5,0,4
5,0,25
5,0,3
5,0,9
5,0,26
5,0,9
5,0,4
5,0,6
5,0,5
5,0,5
5,0,13
5,1,5
5,1,5
5,1,25
5,1,3
5,1,9
5,1,26
5,1,9
5,1,4
5,1,6
5,1,5
5,1,5
5,1,13
5,1,3
5,1,1
5,1,34
5,1,4
5,1,3
5,1,5
5,1,6
5,1,1
5,1,2
5,1,2
5,1,5
5,1,5
5,1,9
5,1,4
5,1,6
5,1,3
5,1,3
5,1,4
5,1,1
5,1,1
5,1,1
5,1,1
5,1,2
5,1,1
5,1,1
5,1,1
5,1,2
5,1,1
5,1,1
5,1,2
5,1,2
5,1,9
5,1,3
5,1,3
5,1,3
5,0,11
5,0,12
5,0,26
5,0,12
5,0,8
5,0,11
5,0,26
5,0,5
5,0,4
5,1,9
5,1,3
5,1,5
5,1,26
5,1,12
5,1,8
5,1,11
5,1,26
5,1,5
5,1,4
5,1,5
5,1,26
5,1,1
5,1,9
5,1,8
5,1,5
5,1,10
5,1,36
5,1,7
5,1,5
5,1,2
5,1,1
5,1,4
5,1,13
5,1,8
5,1,8
5,1,9
5,1,8
5,0,1
5,0,1
5,0,1
5,0,1
5,0,1
5,0,19
5,0,6
5,0,12
5,0,5
5,0,2
5,0,8
5,0,9
5,1,1
5,1,2
5,1,1
5,1,1
5,1,1
5,1,2
5,1,2
5,1,4
5,1,2
5,1,2
5,1,2
5,1,4
5,1,6
5,1,3
5,1,4
5,1,4
5,1,4
5,1,1
5,1,6
5,1,1
5,1,1
5,1,8
5,1,3
5,1,8
5,1,4
5,1,8
